Score,Word
0.22764301300048828,現有
0.10690447688102722,一般
0.08761371672153473,二手
0.08573482185602188,特定
0.08370492607355118,商用
0.04812377691268921,廣域
0.029928693547844887,大型
0.02860475517809391,高清
0.015260825864970684,長焦
0.011135467328131199,超清
-0.0233926922082901,後置
-0.033897869288921356,主
-0.037413086742162704,潛望式
-0.09071870893239975,超大
-0.10951978713274002,快閃
