Score,Word
0.1568259298801422,高階
0.13047046959400177,單眼
0.10690447688102722,一般
0.08826293051242828,近拍
0.0636197179555893,一定
0.030255606397986412,頂級
0.029928693547844887,大型
-0.0233926922082901,後置
-0.03294266387820244,單攝
-0.041828978806734085,共同
-0.0445995107293129,多重
-0.05424187332391739,四合一
-0.08372551947832108,有機
