Score,Word
0.175186887383461,基本
0.06507914513349533,非
0.038721948862075806,重度
0.025255335494875908,超低
0.01653194986283779,遠程
-0.06021285429596901,祖傳
-0.06996097415685654,唯一
-0.08073976635932922,超
