Score,Word
0.08930300176143646,有線
0.07762804627418518,個別
0.06443989276885986,雙
0.030255606397986412,頂級
0.0063394964672625065,三防
-0.0020023605320602655,一貫
-0.07163962721824646,最佳
