Score,Word
0.175186887383461,基本
0.1568259298801422,高階
0.10690447688102722,一般
0.10216429084539413,可用
0.09896969050168991,後續
0.0940195694565773,售後
0.09274353832006454,單
0.08761371672153473,二手
0.06629924476146698,過度
0.01053062453866005,原
0.0011571426875889301,單側
-0.005097491666674614,些微
-0.007938383147120476,雙頻
-0.033897869288921356,主
-0.03436308354139328,真正
-0.041828978806734085,共同
-0.049150750041007996,三段式
-0.06996097415685654,唯一
