Score,Word
0.14774273335933685,日常
0.13047046959400177,單眼
0.10555819422006607,展開式
0.09274353832006454,單
0.08930300176143646,有線
0.07762804627418518,個別
0.05506514012813568,同級
0.038721948862075806,重度
0.038245972245931625,護眼
0.033932335674762726,科幻
0.001071114675141871,特約
-0.0020023605320602655,一貫
-0.005097491666674614,些微
-0.019651146605610847,中上
-0.032317645847797394,雙色
-0.05612602084875107,黑白
-0.056779149919748306,彩色
-0.07163962721824646,最佳
-0.12631823122501373,新一代
