Score,Word
0.21856440603733063,額外
0.20532111823558807,現行
0.1326700747013092,中低階
0.0940195694565773,售後
0.08573482185602188,特定
0.06629924476146698,過度
0.05506514012813568,同級
0.05071282386779785,高度
0.038072146475315094,主要
0.005813542753458023,高感度
-0.024731580168008804,磁吸式
-0.03294266387820244,單攝
-0.03436308354139328,真正
-0.09071870893239975,超大
