Score,Word
0.20156283676624298,低階
0.13047046959400177,單眼
0.102408766746521,手動
0.038721948862075806,重度
0.03334583342075348,雙待
0.025255335494875908,超低
-0.0020023605320602655,一貫
-0.0233926922082901,後置
-0.049150750041007996,三段式
-0.12631823122501373,新一代
