Score,Word
0.21856440603733063,額外
0.20156283676624298,低階
0.13622595369815826,多餘
0.102408766746521,手動
0.08370492607355118,商用
0.07463531941175461,微距
0.06507914513349533,非
0.06443989276885986,雙
0.038072146475315094,主要
0.03334583342075348,雙待
-0.005097491666674614,些微
-0.007938383147120476,雙頻
-0.06996097415685654,唯一
