Score,Word
0.1568259298801422,高階
0.10690447688102722,一般
0.0940195694565773,售後
0.043028220534324646,無線
-0.04425319284200668,高質
-0.05612602084875107,黑白
-0.056779149919748306,彩色
-0.0883668065071106,雙面
-0.0976003110408783,超級
-0.11431018263101578,第一手
-0.12631823122501373,新一代
