Score,Word
0.102408766746521,手動
0.08370492607355118,商用
0.043028220534324646,無線
-0.007938383147120476,雙頻
-0.01751728542149067,原生
