Score,Word
0.13047046959400177,單眼
0.10690447688102722,一般
0.09274353832006454,單
-0.04258141666650772,原裝
-0.06542627513408661,一連串
-0.10429763793945312,眾
