Score,Word
0.038072146475315094,主要
-0.0233926922082901,後置
