Score,Word
0.11051162332296371,低規
0.102408766746521,手動
0.09904473274946213,絕對
0.08370492607355118,商用
0.07508086413145065,前置
0.045341700315475464,套裝
0.043028220534324646,無線
0.03334583342075348,雙待
0.0061168372631073,雙開
0.001019220449961722,雙重
-0.007938383147120476,雙頻
-0.013052933849394321,同一
-0.017112305387854576,超難用
-0.0233926922082901,後置
-0.049150750041007996,三段式
-0.06996097415685654,唯一
-0.09071870893239975,超大
-0.0976003110408783,超級
-0.12747177481651306,偶發
