Score,Word
0.21856440603733063,額外
0.20156283676624298,低階
0.175186887383461,基本
0.1568259298801422,高階
0.1326700747013092,中低階
0.04458397999405861,新款
0.038072146475315094,主要
0.0187063105404377,直式
0.0063394964672625065,三防
0.00176793965511024,優質
0.001019220449961722,雙重
-0.0028213646728545427,兩段式
-0.019651146605610847,中上
-0.0445995107293129,多重
-0.0976003110408783,超級
-0.12631823122501373,新一代
