Score,Word
0.07508086413145065,前置
0.06443989276885986,雙
0.0636197179555893,一定
-0.0233926922082901,後置
-0.09071870893239975,超大
-0.12631823122501373,新一代
