Score,Word
0.22764301300048828,現有
0.20156283676624298,低階
0.14774273335933685,日常
0.13923734426498413,大概
0.102408766746521,手動
0.07463531941175461,微距
0.06507914513349533,非
0.0636197179555893,一定
0.038721948862075806,重度
0.038072146475315094,主要
0.01053062453866005,原
-0.012589560821652412,超好用
-0.021172497421503067,環繞式
-0.023879636079072952,雙模
-0.02652573212981224,先決
-0.05612602084875107,黑白
-0.06996097415685654,唯一
-0.08262765407562256,副
-0.0976003110408783,超級
-0.13338704407215118,原來
