Score,Word
0.17350055277347565,中階
0.0940195694565773,售後
0.07259292155504227,數位
0.06443989276885986,雙
0.038072146475315094,主要
0.03334583342075348,雙待
0.014809300191700459,子母
