Score,Word
0.10690447688102722,一般
0.06878206878900528,全面
