Score,Word
0.056857746094465256,電動
0.015260825864970684,長焦
0.01053062453866005,原
-0.021782688796520233,綜合
-0.07583367824554443,磨砂
-0.12631823122501373,新一代
