Score,Word
0.14774273335933685,日常
0.13459669053554535,中高階
0.10512394458055496,市售
0.06878206878900528,全面
0.06507914513349533,非
0.0636197179555893,一定
0.04458397999405861,新款
0.033317819237709045,雙鏡
0.015260825864970684,長焦
-0.005097491666674614,些微
-0.01573534868657589,雙層
-0.0188729390501976,全平
-0.021782688796520233,綜合
-0.022768579423427582,隱藏式
-0.0233926922082901,後置
-0.035817526280879974,紫藍
-0.04189363121986389,雙聯
-0.05176032334566116,必備
-0.05612602084875107,黑白
-0.06021285429596901,祖傳
