Score,Word
0.21856440603733063,額外
0.07508086413145065,前置
0.05316581204533577,公眾
0.01902684010565281,高性能
-0.027483904734253883,雙環
-0.03879392892122269,家居
-0.08073976635932922,超
-0.12631823122501373,新一代
