Score,Word
0.13622595369815826,多餘
0.1326700747013092,中低階
0.10276377946138382,最低階
0.038072146475315094,主要
0.016811944544315338,高通
-0.0069510117173194885,遠距
-0.04342616721987724,鋼化
