Score,Word
0.07463531941175461,微距
0.016811944544315338,高通
-0.0233926922082901,後置
-0.10287009179592133,沉浸式
