Score,Word
0.22025293111801147,數位
0.21911993622779846,子母
0.12325645983219147,雙
