Score,Word
0.18737266957759857,雙層
0.16290587186813354,雙色
0.1459510326385498,一般
