Score,Word
0.26149898767471313,多工
0.19725114107131958,一體式
0.18901672959327698,雙向
