Score,Word
0.35018059611320496,彩色
0.19408617913722992,高階
0.17023955285549164,可調式
