Score,Word
0.26149898767471313,多工
0.22025293111801147,數位
0.1831657886505127,折疊式
