Score,Word
0.22025293111801147,數位
0.15619130432605743,超大
0.03322896733880043,高質

