Score,Word
0.26149898767471313,多工
0.21911993622779846,子母
0.16516102850437164,護眼
