Score,Word
0.0971151813864708,高通
0.0876472070813179,鋼化
0.08332463353872299,中低階
