Score,Word
0.15619130432605743,超大
0.13343651592731476,新一代
