Score,Word
0.0971151813864708,高通
0.05175277963280678,沉浸式
