Score,Word
0.16516102850437164,護眼
0.16290587186813354,雙色
0.15619130432605743,超大
