Score,Word
0.30005601048469543,灰階
0.26149898767471313,多工
0.19408617913722992,高階
