Score,Word
0.18737266957759857,雙層
0.10340151935815811,全平
0.09926514327526093,新款
