Score,Word
0.14375554025173187,多重
0.12153138965368271,低階
0.07181622833013535,灰白
