Score,Word
0.12325645983219147,雙
0.12153138965368271,低階
