Score,Word
0.19408617913722992,高階
0.1459510326385498,一般
0.09296777844429016,三段式
