Score,Word
0.26149898767471313,多工
0.21997541189193726,直立式
0.17023955285549164,可調式
