Score,Word
0.1821436583995819,互動式
0.14375554025173187,多重
0.13343651592731476,新一代
