Score,Word
0.16290587186813354,雙色
0.15619130432605743,超大
0.057280294597148895,對稱式
