Score,Word
0.14110755920410156,磨砂
0.13343651592731476,新一代
