Score,Word
0.26149898767471313,多工
0.09926514327526093,新款
0.08568748831748962,長方
