Score,Word
0.30005601048469543,灰階
0.23417381942272186,無框
0.1432548314332962,下拉式
