Score,Word
0.26149898767471313,多工
0.16516102850437164,護眼
0.11667345464229584,中階
