Score,Word
0.13343651592731476,新一代
0.12153138965368271,低階
