Score,Word
0.4020140469074249,觸控式
0.16290587186813354,雙色
0.13343651592731476,新一代
