Score,Word
0.15619130432605743,超大
0.1432548314332962,下拉式
0.12325645983219147,雙
