Score,Word
0.12318974733352661,輕
0.04219222441315651,中低
0.03368865326046944,基本
