Score,Word
0.12325645983219147,雙
0.06326645612716675,三防
0.014754261821508408,頂級
