Score,Word
0.26149898767471313,多工
0.2608664035797119,黑白
0.15619130432605743,超大
