Score,Word
0.15619130432605743,超大
0.0791618749499321,雙重
0.06277386099100113,雙開
