Score,Word
0.26149898767471313,多工
0.1459510326385498,一般
0.12153138965368271,低階
