Score,Word
0.19408617913722992,高階
0.1468958705663681,視聽
