Score,Word
0.16290587186813354,雙色
0.09926514327526093,新款
