Score,Word
0.17023955285549164,可調式
0.15619130432605743,超大
0.12325645983219147,雙
