Score,Word
0.26149898767471313,多工
0.16290587186813354,雙色
0.05995135009288788,分割式
