Score,Word
0.3460310697555542,高清
0.11667345464229584,中階
0.05930757895112038,全包式
