Score,Word
0.19928154349327087,環繞式
0.16851750016212463,雙模
0.12153138965368271,低階
