Score,Word
0.21911993622779846,子母
0.15619130432605743,超大
