Score,Word
0.26149898767471313,多工
0.16290587186813354,雙色
0.11667345464229584,中階
