Score,Word
0.18274204432964325,雙頻
0.09926514327526093,新款
0.0971151813864708,高通
