Score,Word
0.09926514327526093,新款
0.08244186639785767,日常
0.03368865326046944,基本
