Score,Word
0.35018059611320496,彩色
0.2608664035797119,黑白
0.21911993622779846,子母
