Score,Word
0.1997765749692917,雙面
0.19408617913722992,高階

