Score,Word
0.19207096099853516,高感度
0.15619130432605743,超大
0.08332463353872299,中低階
