Score,Word
0.28792306780815125,直式
0.19408617913722992,高階
0.14375554025173187,多重
