Score,Word
0.1459510326385498,一般
0.05611134693026543,全面
