Score,Word
0.3460310697555542,高清
0.1997699737548828,超清
0.15619130432605743,超大
