Score,Word
0.16290587186813354,雙色
0.13343651592731476,新一代
0.11667345464229584,中階
