Score,Word
0.3460310697555542,高清
0.2592586278915405,全彩
0.15310119092464447,無縫
