Score,Word
0.19725114107131958,一體式
0.18274204432964325,雙頻
0.16516102850437164,護眼
