Score,Word
0.2592586278915405,全彩
0.09926514327526093,新款
