Score,Word
0.34383320808410645,大屏
0.1997699737548828,超清
0.14375554025173187,多重
