Score,Word
0.3460310697555542,高清
0.2592586278915405,全彩
0.16290587186813354,雙色
