Score,Word
0.18274204432964325,雙頻
0.15310119092464447,無縫
0.1468958705663681,視聽
