Score,Word
0.1125173270702362,可變式
0.09926514327526093,新款
0.09433842450380325,兩段式
