Score,Word
0.2608664035797119,黑白
0.1468958705663681,視聽
0.13343651592731476,新一代
