Score,Word
0.16290587186813354,雙色
0.1432548314332962,下拉式
0.1332356333732605,雙邊
