Score,Word
0.3460310697555542,高清
0.15310119092464447,無縫
0.14565645158290863,高倍
