Score,Word
0.30005601048469543,灰階
0.12153138965368271,低階
0.11359425634145737,原生
