Score,Word
0.15619130432605743,超大
0.14375554025173187,多重
0.12325645983219147,雙
