Score,Word
0.2592586278915405,全彩
0.14375554025173187,多重
