Score,Word
0.26149898767471313,多工
0.13343651592731476,新一代
