Score,Word
0.27735650539398193,無線
0.1589234620332718,雙頻
0.15206629037857056,手動
0.11715168505907059,三段式
0.1127067357301712,前置
0.10359375923871994,超大
0.09957275539636612,後置
0.09935860335826874,商用
0.08832161873579025,雙待
0.06947220116853714,雙重
0.05474631115794182,偶發
0.052931733429431915,同一
0.012568334117531776,雙開
0.005796618759632111,套裝
0.005110190249979496,低規
-0.0040601156651973724,唯一
-0.029813364148139954,絕對
-0.06024761497974396,超難用
-0.10136684775352478,超級
