Score,Word
0.16590732336044312,高通
0.09957275539636612,後置
0.03684282675385475,微距
-0.08562096953392029,沉浸式
