Score,Word
0.13619406521320343,新一代
0.1216728463768959,雙
0.1127067357301712,前置
0.10359375923871994,超大
0.09957275539636612,後置
-0.011937649920582771,一定
