Score,Word
0.17765597999095917,雙模
0.17742523550987244,現有
0.15206629037857056,手動
0.13126541674137115,原
0.11808568984270096,低階
0.10336843132972717,副
0.09370094537734985,日常
0.06350339949131012,大概
0.054091986268758774,主要
0.03684282675385475,微距
0.01011961605399847,先決
0.007524499204009771,重度
0.0050579761154949665,超好用
-0.0040601156651973724,唯一
-0.009014492854475975,黑白
-0.009257876314222813,非
-0.011937649920582771,一定
-0.0265471450984478,環繞式
-0.047184281051158905,原來
-0.10136684775352478,超級
