Score,Word
0.10794686526060104,超低
0.08118744194507599,遠程
0.03535715863108635,超
0.010457429103553295,基本
0.007524499204009771,重度
-0.0040601156651973724,唯一
-0.009257876314222813,非
-0.14428597688674927,祖傳
