Score,Word
0.27735650539398193,無線
0.13619406521320343,新一代
0.1290714144706726,雙面
0.11778818815946579,一般
0.11681925505399704,高階
0.11123678833246231,彩色
0.07964777946472168,售後
0.050196707248687744,高質
-0.009014492854475975,黑白
-0.0318341925740242,第一手
-0.10136684775352478,超級
