Score,Word
0.13896143436431885,單眼
0.11778818815946579,一般
0.11681925505399704,高階
0.11550157517194748,四合一
0.09957275539636612,後置
0.09073024988174438,近拍
0.08201319724321365,有機
0.05990731343626976,大型
0.0447719506919384,多重
-0.011937649920582771,一定
-0.04513823613524437,單攝
-0.05610150843858719,頂級
-0.07910136133432388,共同
