Score,Word
0.18189163506031036,快閃
0.17742523550987244,現有
0.11778818815946579,一般
0.10646700859069824,廣域
0.10359375923871994,超大
0.09957275539636612,後置
0.09935860335826874,商用
0.05990731343626976,大型
0.05340554937720299,潛望式
0.05265019088983536,高清
0.04813595861196518,二手
0.033425066620111465,超清
-0.021849093958735466,長焦
-0.027877861633896828,主
-0.040830645710229874,特定
