Score,Word
0.15738753974437714,市售
0.15085172653198242,雙層
0.14976759254932404,隱藏式
0.1371690183877945,新款
0.10689663141965866,雙聯
0.09957275539636612,後置
0.09370094537734985,日常
0.05165756493806839,全面
0.03832310810685158,雙鏡
-0.0035879197530448437,中高階
-0.009014492854475975,黑白
-0.009257876314222813,非
-0.011937649920582771,一定
-0.013554143719375134,全平
-0.014255518093705177,些微
-0.021849093958735466,長焦
-0.03580617159605026,綜合
-0.03822207450866699,紫藍
-0.12579117715358734,必備
-0.14428597688674927,祖傳
