Score,Word
0.11778818815946579,一般
0.05165756493806839,全面
