Score,Word
0.13896143436431885,單眼
0.13619406521320343,新一代
0.12516745924949646,有線
0.11552834510803223,單
0.11123678833246231,彩色
0.09370094537734985,日常
0.07181701809167862,同級
0.05364112928509712,護眼
0.03767043352127075,個別
0.019340723752975464,一貫
0.007524499204009771,重度
0.0013620384270325303,特約
-0.009014492854475975,黑白
-0.014255518093705177,些微
-0.019649261608719826,雙色
-0.028046173974871635,科幻
-0.03150438144803047,最佳
-0.05187838152050972,展開式
-0.10700296610593796,中上
