Score,Word
0.1589234620332718,雙頻
0.15766988694667816,額外
0.15206629037857056,手動
0.1216728463768959,雙
0.11949136853218079,多餘
0.11808568984270096,低階
0.09935860335826874,商用
0.08832161873579025,雙待
0.054091986268758774,主要
0.03684282675385475,微距
-0.0040601156651973724,唯一
-0.009257876314222813,非
-0.014255518093705177,些微
