Score,Word
0.37505313754081726,電動
0.13619406521320343,新一代
0.13126541674137115,原
0.07270897179841995,磨砂
-0.021849093958735466,長焦
-0.03580617159605026,綜合
