Score,Word
0.13295498490333557,數位
0.1216728463768959,雙
0.08832161873579025,雙待
0.07964777946472168,售後
0.054091986268758774,主要
0.022231759503483772,中階
-0.01883772201836109,子母
