Score,Word
0.12516745924949646,有線
0.12356715649366379,三防
0.1216728463768959,雙
0.03767043352127075,個別
0.019340723752975464,一貫
-0.03150438144803047,最佳
-0.05610150843858719,頂級
