Score,Word
0.18905259668827057,高感度
0.175725057721138,高度
0.15766988694667816,額外
0.12799616158008575,現行
0.10359375923871994,超大
0.0943504273891449,過度
0.07964777946472168,售後
0.07181701809167862,同級
0.054091986268758774,主要
0.041734226047992706,磁吸式
0.0040921964682638645,中低階
-0.040830645710229874,特定
-0.04513823613524437,單攝
-0.05654025077819824,真正
