Score,Word
0.27735650539398193,無線
0.1589234620332718,雙頻
0.15206629037857056,手動
0.09935860335826874,商用
0.010241549462080002,原生
