Score,Word
0.15766988694667816,額外
0.1525828093290329,兩段式
0.1371690183877945,新款
0.13619406521320343,新一代
0.12356715649366379,三防
0.11808568984270096,低階
0.11681925505399704,高階
0.06947220116853714,雙重
0.054091986268758774,主要
0.0447719506919384,多重
0.02847069874405861,直式
0.010457429103553295,基本
0.0040921964682638645,中低階
-0.0514378622174263,優質
-0.10136684775352478,超級
-0.10700296610593796,中上
