Score,Word
0.16590732336044312,高通
0.11949136853218079,多餘
0.0917644202709198,鋼化
0.07894174009561539,遠距
0.054091986268758774,主要
0.0040921964682638645,中低階
-0.06843851506710052,最低階
