Score,Word
0.13896143436431885,單眼
0.13417267799377441,原裝
0.11778818815946579,一般
0.11552834510803223,單
-0.032614342868328094,一連串
-0.10888108611106873,眾
