Score,Word
0.3626570403575897,微距
0.18996281921863556,後置
0.08497354388237,沉浸式
