Score,Word
0.18996281921863556,後置
0.15418438613414764,遠距
0.15219101309776306,潛望式
