Score,Word
0.2730248272418976,長焦
0.1857280135154724,高階
