Score,Word
0.2730248272418976,長焦
0.26934826374053955,前置
0.1766817718744278,單側
