Score,Word
0.3626570403575897,微距
0.14160405099391937,低階
