Score,Word
0.15418438613414764,遠距
0.07291046530008316,中低階
