Score,Word
0.3626570403575897,微距
0.2730248272418976,長焦
0.26934826374053955,前置
