Score,Word
0.42123472690582275,單眼
0.0958000048995018,雙色
0.09508192539215088,展開式
