Score,Word
0.3754025399684906,高倍
0.3626570403575897,微距
0.3213704824447632,近拍
