Score,Word
0.3626570403575897,微距
0.3213704824447632,近拍
0.15219101309776306,潛望式
