Score,Word
0.26934826374053955,前置
0.2208673506975174,鋁製
0.15418438613414764,遠距
