Score,Word
0.16665126383304596,數位
0.11092859506607056,中階
