Score,Word
0.25982004404067993,手動
0.0620199590921402,原生
