Score,Word
0.15418438613414764,遠距
0.11758910119533539,細部
0.0958000048995018,雙色
