Score,Word
0.1766817718744278,單側
0.0958000048995018,雙色
