Score,Word
0.05769551172852516,兩截式
0.037746675312519073,雙模
