Score,Word
0.15671119093894958,雙
0.03792491927742958,頂級
