Score,Word
0.26934826374053955,前置
0.06595253199338913,新一代
0.004997897893190384,雙環
