Score,Word
0.3626570403575897,微距
0.3213704824447632,近拍
0.16665126383304596,數位
