Score,Word
0.10977715998888016,磨砂
0.09553270787000656,雙前
0.03350610285997391,全彩
