Score,Word
0.2730248272418976,長焦
0.10977715998888016,磨砂
