Score,Word
0.18442308902740479,彩色
0.16665126383304596,數位
0.0958000048995018,雙色
