Score,Word
0.30693814158439636,高感度
0.21871823072433472,單攝
0.13671313226222992,超大
