Score,Word
0.42123472690582275,單眼
0.3626570403575897,微距
0.24407528340816498,黑白
