Score,Word
0.25982004404067993,手動
0.12746283411979675,新款
0.10977715998888016,磨砂
