Score,Word
0.1766817718744278,單側
0.12746283411979675,新款
0.0958000048995018,雙色
