Score,Word
0.42123472690582275,單眼
0.3626570403575897,微距
0.2730248272418976,長焦
