Score,Word
0.3626570403575897,微距
0.12746283411979675,新款
0.11758910119533539,細部
