Score,Word
0.26934826374053955,前置
0.25982004404067993,手動
0.1857280135154724,高階
