Score,Word
0.42123472690582275,單眼
0.15219101309776306,潛望式
0.08922522515058517,灰階
