Score,Word
0.2730248272418976,長焦
0.03792491927742958,頂級
