Score,Word
0.24407528340816498,黑白
0.18442308902740479,彩色
0.030396727845072746,高質