Score,Word
0.24407528340816498,黑白
0.20058366656303406,雙鏡
0.1681138575077057,活動式
