Score,Word
0.1857280135154724,高階
0.07994550466537476,兩段式
