Score,Word
0.26934826374053955,前置
0.21207185089588165,慢速
0.20058366656303406,雙鏡
