Score,Word
0.12746283411979675,新款
0.0958000048995018,雙色
0.0856151133775711,步進
