Score,Word
0.26934826374053955,前置
0.1766817718744278,單側
0.09836295247077942,對稱式
