Score,Word
0.24407528340816498,黑白
0.1179751381278038,中高階
0.06595253199338913,新一代
