Score,Word
0.25982004404067993,手動
0.18996281921863556,後置
0.1857280135154724,高階
