Score,Word
0.3754025399684906,高倍
0.15219101309776306,潛望式
0.11906830966472626,碧藍
