Score,Word
0.2730248272418976,長焦
0.26934826374053955,前置
0.20058366656303406,雙鏡
