Score,Word
0.26934826374053955,前置
0.16665126383304596,數位
