Score,Word
0.1857280135154724,高階
0.1766817718744278,單側
0.15219101309776306,潛望式
