Score,Word
0.42123472690582275,單眼
0.05423906818032265,一般
