Score,Word
0.26325178146362305,高清
0.20058366656303406,雙鏡
0.09483633190393448,多孔
