Score,Word
0.2108319103717804,回放
0.10977715998888016,磨砂
0.07994550466537476,兩段式
