Score,Word
0.2730248272418976,長焦
0.24407528340816498,黑白
0.20058366656303406,雙鏡
