Score,Word
0.3754025399684906,高倍
0.26325178146362305,高清
0.15219101309776306,潛望式
