Score,Word
0.26934826374053955,前置
0.18996281921863556,後置
0.10763201117515564,三段式
