Score,Word
0.14160405099391937,低階
0.14139209687709808,一體式
0.11906830966472626,碧藍
