Score,Word
0.3213704824447632,近拍
0.15418438613414764,遠距
0.11949032545089722,連續式
