Score,Word
0.26881787180900574,單反
0.2461577206850052,無反
0.15219101309776306,潛望式
