Score,Word
0.3626570403575897,微距
0.25982004404067993,手動
0.24407528340816498,黑白
