Score,Word
0.3626570403575897,微距
0.15673431754112244,巨幅
0.15418438613414764,遠距
