Score,Word
0.26325178146362305,高清
0.16717344522476196,外環
0.14132414758205414,微
