Score,Word
0.2730248272418976,長焦
0.26325178146362305,高清
0.15219101309776306,潛望式
