Score,Word
0.42123472690582275,單眼
0.18996281921863556,後置
0.10763201117515564,三段式
