Score,Word
0.26934826374053955,前置
0.24407528340816498,黑白
0.18996281921863556,後置
