Score,Word
0.26934826374053955,前置
0.11758910119533539,細部
0.0876413956284523,可調式
