Score,Word
0.42123472690582275,單眼
0.2730248272418976,長焦
0.11066945642232895,微型
