Score,Word
0.42123472690582275,單眼
0.1857280135154724,高階
0.07811912894248962,獨家
