Score,Word
0.42123472690582275,單眼
0.3213704824447632,近拍
0.21871823072433472,單攝
