Score,Word
0.2240327149629593,低耗
0.18551655113697052,降頻
0.16833804547786713,不耐用
