Score,Word
0.11808568984270096,低階
0.09370094537734985,日常
0.0050579761154949665,超好用
