Score,Word
0.12516745924949646,有線
0.019340723752975464,一貫
