Score,Word
0.28812456130981445,廢
0.27735650539398193,無線
0.1371690183877945,新款
