Score,Word
0.28812456130981445,廢
0.13619406521320343,新一代
0.10731182992458344,家用
