Score,Word
0.18189163506031036,快閃
0.06117846444249153,低等
0.05990731343626976,大型
