Score,Word
0.11681925505399704,高階
0.010457429103553295,基本
