Score,Word
0.27735650539398193,無線
0.14124873280525208,慢速
0.11808568984270096,低階
