Score,Word
0.19059035181999207,萬用
0.10731182992458344,家用
0.10359375923871994,超大
