Score,Word
0.1525828093290329,兩段式
0.1371690183877945,新款
0.12356715649366379,三防
