Score,Word
0.13619406521320343,新一代
0.09370094537734985,日常
