Score,Word
0.10794686526060104,超低
0.010457429103553295,基本
