Score,Word
0.13619406521320343,新一代
0.0925070270895958,可用
0.010457429103553295,基本
