Score,Word
0.0925070270895958,可用
0.0346260666847229,舊有
