Score,Word
0.11808568984270096,低階
0.10359375923871994,超大
0.0925070270895958,可用
