Score,Word
0.13619406521320343,新一代
0.11808568984270096,低階
0.11715168505907059,三段式
