Score,Word
0.14231672883033752,堪用
0.11808568984270096,低階
0.10359375923871994,超大
