Score,Word
0.22393201291561127,低功耗
0.050196707248687744,高質
0.022231759503483772,中階
