Score,Word
0.10359375923871994,超大
0.041734226047992706,磁吸式
0.022231759503483772,中階
