Score,Word
0.16590732336044312,高通
0.09957275539636612,後置
