Score,Word
0.14231672883033752,堪用
0.1371690183877945,新款
0.005110190249979496,低規
