Score,Word
0.19059035181999207,萬用
0.14231672883033752,堪用
0.10731182992458344,家用
