Score,Word
0.1371690183877945,新款
0.11681925505399704,高階
