Score,Word
0.24050533771514893,雙充
0.22393201291561127,低功耗
0.14231672883033752,堪用
