Score,Word
0.11808568984270096,低階
0.0925070270895958,可用
0.0447719506919384,多重
