Score,Word
0.1371690183877945,新款
0.0925070270895958,可用
0.0040921964682638645,中低階
