Score,Word
0.11808568984270096,低階
0.11778818815946579,一般
0.010457429103553295,基本
