Score,Word
0.11778818815946579,一般
0.11681925505399704,高階
0.05990731343626976,大型
