Score,Word
0.16959747672080994,劣質
0.11808568984270096,低階
0.11778818815946579,一般
