Score,Word
0.10359375923871994,超大
0.050196707248687744,高質
