Score,Word
0.28812456130981445,廢
0.18171291053295135,電容式
0.11808568984270096,低階
