Score,Word
0.1371690183877945,新款
0.11808568984270096,低階
0.11715168505907059,三段式
