Score,Word
0.11778818815946579,一般
0.11715168505907059,三段式
0.11681925505399704,高階
