Score,Word
0.18389876186847687,水冷
0.11778818815946579,一般

