Score,Word
0.22907157242298126,輕
0.050665486603975296,中度
