Score,Word
0.18189163506031036,快閃
0.11778818815946579,一般
0.10359375923871994,超大
