Score,Word
0.1371690183877945,新款
0.10731182992458344,家用
