Score,Word
0.16959747672080994,劣質
0.14124873280525208,慢速
0.0925070270895958,可用
