Score,Word
0.1525828093290329,兩段式
0.13619406521320343,新一代
0.10359375923871994,超大
