Score,Word
0.21179844439029694,高性能
0.13619406521320343,新一代
