Score,Word
0.08353700488805771,良性
0.050665486603975296,中度
