Score,Word
0.27735650539398193,無線
0.09935860335826874,商用
