Score,Word
0.28812456130981445,廢
0.14231672883033752,堪用
0.11808568984270096,低階
