Score,Word
0.09957275539636612,後置
0.054091986268758774,主要
