Score,Word
0.27735650539398193,無線
0.11681925505399704,高階
