Score,Word
0.13619406521320343,新一代
0.13465987145900726,便攜式
0.11808568984270096,低階
