Score,Word
0.11681925505399704,高階
0.09370094537734985,日常
0.0925070270895958,可用
