Score,Word
0.22289025783538818,輕型
0.14124873280525208,慢速
0.11808568984270096,低階
