Score,Word
0.27735650539398193,無線
0.11715168505907059,三段式
0.10359375923871994,超大
