Score,Word
0.1525828093290329,兩段式
0.1371690183877945,新款
0.09370094537734985,日常
