Score,Word
0.14356012642383575,一體式
0.1371690183877945,新款
0.1337495595216751,長程
