Score,Word
0.14356012642383575,一體式
0.11808568984270096,低階
0.09370094537734985,日常
