Score,Word
0.14356012642383575,一體式
0.1337495595216751,長程
0.09935860335826874,商用
