Score,Word
0.1371690183877945,新款
0.0925070270895958,可用
0.022231759503483772,中階

