Score,Word
0.21179844439029694,高性能
0.1905125081539154,軍用
0.1589234620332718,雙頻
