Score,Word
0.21179844439029694,高性能
0.14356012642383575,一體式
0.1337495595216751,長程
