Score,Word
0.35979223251342773,快充
0.24050533771514893,雙充
0.22393201291561127,低功耗
