Score,Word
0.31466537714004517,高階
0.15042732656002045,多重
0.011063599027693272,基本
