Score,Word
0.2774214446544647,新一代
0.2591530382633209,新款
0.19508817791938782,中階
