Score,Word
0.3432892858982086,雙頻
0.298778235912323,高性能
0.2591530382633209,新款
