Score,Word
0.301006942987442,低階
0.13994912803173065,現有
0.1304463893175125,雙向
