Score,Word
0.3432892858982086,雙頻
0.2591530382633209,新款
0.16517037153244019,商用
