Score,Word
0.1579902023077011,獨家
0.03958167880773544,劣質
0.03567894548177719,舊有
