Score,Word
0.2774214446544647,新一代
0.24281519651412964,雙
