Score,Word
0.3432892858982086,雙頻
0.2591530382633209,新款
0.17155511677265167,水冷
