Score,Word
0.49999940395355225,高通
0.301006942987442,低階
0.24281519651412964,雙
