Score,Word
0.3432892858982086,雙頻
0.31466537714004517,高階
0.16517037153244019,商用
