Score,Word
0.3223830759525299,雙核
0.301006942987442,低階
0.15042732656002045,多重
