Score,Word
0.49999940395355225,高通
0.3432892858982086,雙頻
0.21610510349273682,寬頻
