Score,Word
0.3432892858982086,雙頻
0.16517037153244019,商用
0.07017193734645844,低規
