Score,Word
0.31466537714004517,高階
0.08034344017505646,雙重
0.05207287520170212,中高

