Score,Word
0.13473892211914062,單
0.05398266762495041,一般
