Score,Word
0.2591530382633209,新款
0.15746012330055237,微型
0.1369360238313675,單一
