Score,Word
0.301006942987442,低階
0.29413995146751404,雙模
0.13994912803173065,現有
