Score,Word
0.16517037153244019,商用
0.05398266762495041,一般
