Score,Word
0.3432892858982086,雙頻
0.31466537714004517,高階
0.05398266762495041,一般
