Score,Word
0.2774214446544647,新一代
0.13473892211914062,單
