Score,Word
0.49999940395355225,高通
0.298778235912323,高性能
0.2591530382633209,新款
