Score,Word
0.31466537714004517,高階
0.1579902023077011,獨家
0.0976458340883255,頂級
