Score,Word
0.3432892858982086,雙頻
0.298778235912323,高性能
0.2774214446544647,新一代
