Score,Word
0.31466537714004517,高階
0.2591530382633209,新款
