Score,Word
0.31466537714004517,高階
0.15042732656002045,多重
0.0976458340883255,頂級
