Score,Word
0.31466537714004517,高階
0.0019440976902842522,日常
