Score,Word
0.2591530382633209,新款
0.12417575716972351,中高階
0.0976458340883255,頂級
