Score,Word
0.3432892858982086,雙頻
0.2774214446544647,新一代
0.1579902023077011,獨家
