Score,Word
0.08432667702436447,全面
0.05398266762495041,一般
