Score,Word
0.2774214446544647,新一代
0.1810697466135025,單層
0.16489379107952118,原生
