Score,Word
0.301006942987442,低階
0.2591530382633209,新款
0.16489379107952118,原生
