Score,Word
0.2774214446544647,新一代
0.2591530382633209,新款
0.07017193734645844,低規
