Score,Word
0.3432892858982086,雙頻
0.23396848142147064,蜂巢式
0.19508817791938782,中階
