Score,Word
0.301006942987442,低階
0.1875036656856537,中低階
0.1579902023077011,獨家
