Score,Word
0.03567894548177719,舊有
0.026607416570186615,頂極
0.016456304118037224,可用
