Score,Word
0.24281519651412964,雙
0.19508817791938782,中階
