Score,Word
0.3432892858982086,雙頻
0.16517037153244019,商用
0.16489379107952118,原生
