Score,Word
0.2591530382633209,新款
0.1369360238313675,單一
