Score,Word
0.4233100116252899,低功耗
0.28377121686935425,車用
0.2638138234615326,微
