Score,Word
0.301006942987442,低階
0.011063599027693272,基本
