Score,Word
0.49999940395355225,高通
0.1875036656856537,中低階
