Score,Word
0.49999940395355225,高通
0.301006942987442,低階
0.1579902023077011,獨家
