Score,Word
0.31466537714004517,高階
0.2774214446544647,新一代
0.05398266762495041,一般
