Score,Word
0.49999940395355225,高通
0.12417575716972351,中高階
0.049094781279563904,萬用
