Score,Word
0.2774214446544647,新一代
0.21610510349273682,寬頻
0.16517037153244019,商用
