Score,Word
0.1369360238313675,單一
0.1148887351155281,國產
0.07850818336009979,舊式
