Score,Word
0.2591530382633209,新款
0.1875036656856537,中低階
0.10472115874290466,複合
