Score,Word
0.4233100116252899,低功耗
0.2638138234615326,微
0.19508817791938782,中階
