Score,Word
0.301006942987442,低階
0.1579902023077011,獨家
0.13994912803173065,現有
