Score,Word
0.31466537714004517,高階
0.12630994617938995,家用
0.05398266762495041,一般
