Score,Word
0.2774214446544647,新一代
0.19508817791938782,中階
0.15259157121181488,基礎
