Score,Word
0.217306450009346,降頻
0.1875036656856537,中低階
0.15743878483772278,航太
