Score,Word
0.3432892858982086,雙頻
0.301006942987442,低階
0.16517037153244019,商用
