Score,Word
0.29413995146751404,雙模
0.07470517605543137,中低
