Score,Word
0.4233100116252899,低功耗
0.23396848142147064,蜂巢式
0.19508817791938782,中階
