Score,Word
0.29413995146751404,雙模
0.0976458340883255,頂級
0.029075972735881805,高質
