Score,Word
0.301006942987442,低階
0.2774214446544647,新一代
0.1369360238313675,單一
