Score,Word
0.19408617913722992,高階
0.18274204432964325,雙頻
0.1459510326385498,一般
0.1427401602268219,單側
0.09296777844429016,三段式
0.09264232218265533,過度
0.03368865326046944,基本
0.0198916457593441,可用
0.010667145252227783,些微
0.0031846456695348024,原
0.0014061132678762078,唯一
-0.008125958032906055,主
-0.01200818456709385,後續
-0.0141916424036026,真正
-0.034379005432128906,售後
-0.04125537350773811,單
-0.048701513558626175,共同
-0.087681345641613,二手
