Score,Word
0.28466764092445374,手動
0.24317270517349243,無線
0.18274204432964325,雙頻
0.15619130432605743,超大
0.13619160652160645,前置
0.09296777844429016,三段式
0.08280206471681595,後置
0.0791618749499321,雙重
0.06277386099100113,雙開
0.057975828647613525,雙待
0.0569632388651371,商用
0.051707349717617035,低規
0.029422692954540253,超難用
0.014761076308786869,同一
0.0014061132678762078,唯一
-0.009304249659180641,偶發
-0.035482849925756454,絕對
-0.03721759468317032,超級
-0.09702987223863602,套裝
