Score,Word
0.35018059611320496,彩色
0.2608664035797119,黑白
0.16516102850437164,護眼
0.16290587186813354,雙色
0.13343651592731476,新一代
0.13317394256591797,單眼
0.11653195321559906,同級
0.0926019623875618,有線
0.08244186639785767,日常
0.05721762403845787,重度
0.04944656416773796,一貫
0.03855162486433983,科幻
0.018611140549182892,中上
0.010667145252227783,些微
0.0023130965419113636,展開式
-0.010084277018904686,個別
-0.017795026302337646,最佳
-0.04125537350773811,單
-0.06783946603536606,特約
