Score,Word
0.19408617913722992,高階
0.15072819590568542,近拍
0.1459510326385498,一般
0.14375554025173187,多重
0.14288225769996643,單攝
0.13317394256591797,單眼
0.10866207629442215,大型
0.08280206471681595,後置
0.020484279841184616,四合一
0.014754261821508408,頂級
0.007286920677870512,有機
-0.048701513558626175,共同
-0.06622713804244995,一定
