Score,Word
0.28466764092445374,手動
0.18274204432964325,雙頻
0.15128643810749054,微距
0.12325645983219147,雙
0.12153138965368271,低階
0.057975828647613525,雙待
0.0569632388651371,商用
0.010667145252227783,些微
0.010520112700760365,多餘
0.0014061132678762078,唯一
-0.0028512838762253523,額外
-0.01753360964357853,主要
-0.027933889999985695,非
