Score,Word
0.08280206471681595,後置
-0.01753360964357853,主要
