Score,Word
0.35018059611320496,彩色
0.2608664035797119,黑白
0.24317270517349243,無線
0.1997765749692917,雙面
0.19408617913722992,高階
0.1459510326385498,一般
0.13343651592731476,新一代
0.03322896733880043,高質
-0.034379005432128906,售後
-0.03721759468317032,超級
-0.04109245166182518,第一手
