Score,Word
0.28466764092445374,手動
0.24317270517349243,無線
0.18274204432964325,雙頻
0.11359425634145737,原生
0.0569632388651371,商用
