Score,Word
0.22025293111801147,數位
0.21911993622779846,子母
0.12325645983219147,雙
0.11667345464229584,中階
0.057975828647613525,雙待
-0.01753360964357853,主要
-0.034379005432128906,售後
