Score,Word
0.12325645983219147,雙
0.0926019623875618,有線
0.06326645612716675,三防
0.04944656416773796,一貫
0.014754261821508408,頂級
-0.010084277018904686,個別
-0.017795026302337646,最佳
