Score,Word
0.2873939871788025,隱藏式
0.2608664035797119,黑白
0.18737266957759857,雙層
0.10340151935815811,全平
0.09926514327526093,新款
0.08280206471681595,後置
0.08244186639785767,日常
0.07334481179714203,中高階
0.059266358613967896,紫藍
0.05611134693026543,全面
0.02635946311056614,雙聯
0.010667145252227783,些微
0.002355690347030759,長焦
-0.01735738478600979,市售
-0.027933889999985695,非
-0.050259340554475784,雙鏡
-0.06622713804244995,一定
-0.07614638656377792,綜合
-0.08186455816030502,祖傳
-0.0962960422039032,必備
