Score,Word
0.12354669719934464,超
0.10356234759092331,遠程
0.06424452364444733,超低
0.05721762403845787,重度
0.03368865326046944,基本
0.0014061132678762078,唯一
-0.027933889999985695,非
-0.08186455816030502,祖傳
