Score,Word
0.28466764092445374,手動
0.19408617913722992,高階
0.1459510326385498,一般
0.12325645983219147,雙
0.10737600177526474,低中
0.0926019623875618,有線
0.08280206471681595,後置
0.08244186639785767,日常
0.07334481179714203,中高階
0.02152731642127037,多方面
0.010520112700760365,多餘
