Score,Word
0.20020779967308044,高度
0.19207096099853516,高感度
0.15619130432605743,超大
0.14288225769996643,單攝
0.1349286288022995,磁吸式
0.11653195321559906,同級
0.09264232218265533,過度
0.08332463353872299,中低階
0.02370278351008892,現行
-0.0028512838762253523,額外
-0.0141916424036026,真正
-0.01753360964357853,主要
-0.02094745635986328,特定
-0.034379005432128906,售後
