Score,Word
0.12959405779838562,遠距
0.0971151813864708,高通
0.0876472070813179,鋼化
0.08332463353872299,中低階
0.010520112700760365,多餘
0.008688624948263168,最低階
-0.01753360964357853,主要
