Score,Word
0.3460310697555542,高清
0.1997699737548828,超清
0.15619130432605743,超大
0.1459510326385498,一般
0.13530279695987701,潛望式
0.12465164810419083,廣域
0.10866207629442215,大型
0.08280206471681595,後置
0.0569632388651371,商用
0.0452846996486187,現有
0.002355690347030759,長焦
0.00021814656793139875,快閃
-0.008125958032906055,主
-0.02094745635986328,特定
-0.087681345641613,二手
