Score,Word
0.15619130432605743,超大
0.13619160652160645,前置
0.13343651592731476,新一代
0.12325645983219147,雙
0.08280206471681595,後置
-0.06622713804244995,一定
