Score,Word
0.1459510326385498,一般
0.13317394256591797,單眼
0.01670479029417038,一連串
-0.003427992109209299,眾
-0.010229596868157387,原裝
-0.04125537350773811,單
