Score,Word
0.15128643810749054,微距
0.0971151813864708,高通
0.08280206471681595,後置
0.05175277963280678,沉浸式
