Score,Word
0.22025293111801147,數位
0.16851750016212463,雙模
0.15619130432605743,超大
0.15128643810749054,微距
0.14847348630428314,可變
0.11359425634145737,原生
0.0926019623875618,有線
0.08280206471681595,後置
0.03322896733880043,高質
0.014754261821508408,頂級
0.0031846456695348024,原
-0.0028512838762253523,額外
-0.03721759468317032,超級
