Score,Word
0.28792306780815125,直式
0.19408617913722992,高階
0.14375554025173187,多重
0.13343651592731476,新一代
0.12153138965368271,低階
0.09926514327526093,新款
0.09433842450380325,兩段式
0.08332463353872299,中低階
0.0791618749499321,雙重
0.06326645612716675,三防
0.03368865326046944,基本
0.018611140549182892,中上
-0.0028512838762253523,額外
-0.01753360964357853,主要
-0.03721759468317032,超級
-0.058045707643032074,優質
