Score,Word
0.16996586322784424,電動
0.14110755920410156,磨砂
0.13343651592731476,新一代
0.0031846456695348024,原
0.002355690347030759,長焦
-0.07614638656377792,綜合
