Score,Word
0.2592586278915405,全彩
0.19408617913722992,高階
0.14375554025173187,多重
0.14110755920410156,磨砂
0.10420190542936325,雙前
0.03855162486433983,科幻
0.03368865326046944,基本
0.0014061132678762078,唯一
-0.0028512838762253523,額外
-0.02094745635986328,特定
