Score,Word
0.28466764092445374,手動
0.2608664035797119,黑白
0.19928154349327087,環繞式
0.16851750016212463,雙模
0.15128643810749054,微距
0.12153138965368271,低階
0.11079762130975723,副
0.08244186639785767,日常
0.08171503990888596,超好用
0.05721762403845787,重度
0.0452846996486187,現有
0.0031846456695348024,原
0.0014061132678762078,唯一
-0.00557576771825552,先決
-0.006135766860097647,原來
-0.012699597515165806,大概
-0.01753360964357853,主要
-0.027933889999985695,非
-0.03721759468317032,超級
-0.06622713804244995,一定
