Score,Word
0.16665126383304596,數位
0.15671119093894958,雙
0.12423431873321533,子母
0.11092859506607056,中階
0.03749159723520279,雙待
-0.000581923930440098,售後
-0.007834727875888348,主要
