Score,Word
0.05423906818032265,一般
-0.046232324093580246,全面
