Score,Word
0.15011972188949585,超
0.0230709295719862,遠程
0.01122952252626419,超低
0.008371137082576752,基本
-0.027219366282224655,唯一
-0.034447383135557175,祖傳
-0.036158133298158646,重度
-0.10306242853403091,非
