Score,Word
0.26934826374053955,前置
0.18996281921863556,後置
0.15671119093894958,雙
0.13671313226222992,超大
0.06595253199338913,新一代
-0.0005774440360255539,一定
