Score,Word
0.30693814158439636,高感度
0.21871823072433472,單攝
0.13671313226222992,超大
0.10689383000135422,高度
0.08036993443965912,同級
0.07671883702278137,磁吸式
0.07291046530008316,中低階
0.026792967692017555,過度
0.01881408505141735,現行
0.012639925815165043,特定
0.0077796271070837975,額外
-0.000581923930440098,售後
-0.007834727875888348,主要
-0.03803108260035515,真正
