Score,Word
0.1857280135154724,高階
0.15760253369808197,三防
0.14160405099391937,低階
0.12746283411979675,新款
0.07994550466537476,兩段式
0.07291046530008316,中低階
0.06881797313690186,多重
0.06595253199338913,新一代
0.05677778273820877,直式
0.041049640625715256,雙重
0.008371137082576752,基本
0.0077796271070837975,額外
-0.00410879822447896,中上
-0.007834727875888348,主要
-0.0351385772228241,超級
-0.08674737066030502,優質
