Score,Word
0.15760253369808197,三防
0.15671119093894958,雙
0.03792491927742958,頂級
0.021471817046403885,有線
-0.003300904529169202,一貫
-0.005576537922024727,個別
-0.07787223905324936,最佳
