Score,Word
0.42123472690582275,單眼
0.25982004404067993,手動
0.18996281921863556,後置
0.14160405099391937,低階
0.10763201117515564,三段式
0.06595253199338913,新一代
0.03749159723520279,雙待
0.01122952252626419,超低
-0.003300904529169202,一貫
-0.036158133298158646,重度
