Score,Word
0.3626570403575897,微距
0.18996281921863556,後置
0.1724899858236313,可變
0.16665126383304596,數位
0.13671313226222992,超大
0.0620199590921402,原生
0.03792491927742958,頂級
0.037746675312519073,雙模
0.030396727845072746,高質
0.021471817046403885,有線
0.0077796271070837975,額外
-0.031744543462991714,原
-0.0351385772228241,超級
