Score,Word
0.42123472690582275,單眼
0.05423906818032265,一般
0.047953907400369644,眾
0.035897545516490936,原裝
0.02761262282729149,單
-0.003355990629643202,一連串
