Score,Word
0.26934826374053955,前置
0.25982004404067993,手動
0.18996281921863556,後置
0.13671313226222992,超大
0.10872980952262878,無線
0.10763201117515564,三段式
0.057760659605264664,雙頻
0.041049640625715256,雙重
0.03749159723520279,雙待
0.03499845787882805,低規
0.02635401114821434,套裝
0.018769418820738792,雙開
0.009327913634479046,偶發
0.00487123429775238,絕對
-0.0015271127922460437,同一
-0.027219366282224655,唯一
-0.0351385772228241,超級
-0.05849573016166687,商用
-0.06747318059206009,超難用
