Score,Word
0.24407528340816498,黑白
0.1857280135154724,高階
0.18442308902740479,彩色
0.17723582684993744,雙面
0.10872980952262878,無線
0.06595253199338913,新一代
0.05423906818032265,一般
0.030396727845072746,高質
0.0036545584443956614,第一手
-0.000581923930440098,售後
-0.0351385772228241,超級
