Score,Word
0.26934826374053955,前置
0.15011972188949585,超
0.06595253199338913,新一代
0.06279278546571732,高性能
0.02676248922944069,公眾
0.0077796271070837975,額外
0.004997897893190384,雙環
-0.04144449159502983,家居
