Score,Word
0.1857280135154724,高階
0.1766817718744278,單側
0.10763201117515564,三段式
0.06443463265895844,些微
0.057760659605264664,雙頻
0.05423906818032265,一般
0.02761262282729149,單
0.026792967692017555,過度
0.008371137082576752,基本
-0.000581923930440098,售後
-0.005821114405989647,可用
-0.022740505635738373,後續
-0.027219366282224655,唯一
-0.031744543462991714,原
-0.03803108260035515,真正
-0.058206506073474884,主
-0.05987994745373726,二手
-0.13142924010753632,共同
