Score,Word
0.15418438613414764,遠距
0.12253933399915695,高通
0.07291046530008316,中低階
0.07004042714834213,鋼化
0.002847025403752923,多餘
-0.007834727875888348,主要
-0.010752419009804726,最低階
