Score,Word
0.2730248272418976,長焦
0.15982304513454437,電動
0.10977715998888016,磨砂
0.06595253199338913,新一代
-0.031744543462991714,原
-0.09917479008436203,綜合
