Score,Word
0.25982004404067993,手動
0.18996281921863556,後置
0.1857280135154724,高階
0.15671119093894958,雙
0.1179751381278038,中高階
0.05423906818032265,一般
0.03433992341160774,低中
0.024356786161661148,日常
0.021471817046403885,有線
0.002847025403752923,多餘
0.0026068647857755423,多方面
