Score,Word
0.42123472690582275,單眼
0.24407528340816498,黑白
0.18442308902740479,彩色
0.0958000048995018,雙色
0.09508192539215088,展開式
0.08036993443965912,同級
0.06595253199338913,新一代
0.06443463265895844,些微
0.04182158783078194,護眼
0.02761262282729149,單
0.024356786161661148,日常
0.021471817046403885,有線
0.021447280421853065,科幻
0.0076106637716293335,特約
-0.003300904529169202,一貫
-0.00410879822447896,中上
-0.005576537922024727,個別
-0.036158133298158646,重度
-0.07787223905324936,最佳
