Score,Word
0.2730248272418976,長焦
0.2677231431007385,隱藏式
0.24407528340816498,黑白
0.20058366656303406,雙鏡
0.18996281921863556,後置
0.17692074179649353,雙層
0.12746283411979675,新款
0.1179751381278038,中高階
0.08007342368364334,全平
0.06443463265895844,些微
0.060335323214530945,雙聯
0.03663639724254608,紫藍
0.024356786161661148,日常
0.012059502303600311,市售
-0.0005774440360255539,一定
-0.034447383135557175,祖傳
-0.046232324093580246,全面
-0.08538336306810379,必備
-0.09917479008436203,綜合
-0.10306242853403091,非
