Score,Word
0.18996281921863556,後置
-0.007834727875888348,主要
