Score,Word
0.25982004404067993,手動
0.10872980952262878,無線
0.0620199590921402,原生
0.057760659605264664,雙頻
-0.05849573016166687,商用
