Score,Word
0.3626570403575897,微距
0.25982004404067993,手動
0.24407528340816498,黑白
0.15671922266483307,副
0.14160405099391937,低階
0.09805251657962799,原來
0.08700219541788101,先決
0.08363528549671173,環繞式
0.037746675312519073,雙模
0.024356786161661148,日常
0.019596893340349197,現有
0.01649698242545128,大概
0.004425386432558298,超好用
-0.0005774440360255539,一定
-0.007834727875888348,主要
-0.027219366282224655,唯一
-0.031744543462991714,原
-0.0351385772228241,超級
-0.036158133298158646,重度
-0.10306242853403091,非
