Score,Word
0.1857280135154724,高階
0.10977715998888016,磨砂
0.09553270787000656,雙前
0.06881797313690186,多重
0.03350610285997391,全彩
0.021447280421853065,科幻
0.012639925815165043,特定
0.008371137082576752,基本
0.0077796271070837975,額外
-0.027219366282224655,唯一
