Score,Word
0.3626570403575897,微距
0.25982004404067993,手動
0.15671119093894958,雙
0.14160405099391937,低階
0.06443463265895844,些微
0.057760659605264664,雙頻
0.03749159723520279,雙待
0.0077796271070837975,額外
0.002847025403752923,多餘
-0.007834727875888348,主要
-0.027219366282224655,唯一
-0.05849573016166687,商用
-0.10306242853403091,非
