Score,Word
0.175186887383461,基本
0.14774273335933685,日常
0.08761371672153473,二手
