Score,Word
0.17350055277347565,中階
0.14774273335933685,日常
0.13622595369815826,多餘
