Score,Word
0.21856440603733063,額外
0.1326700747013092,中低階
