Score,Word
0.175186887383461,基本
0.17350055277347565,中階
0.14774273335933685,日常
