Score,Word
0.20156283676624298,低階
0.025255335494875908,超低
