Score,Word
0.17350055277347565,中階
0.08761371672153473,二手
0.06222231313586235,中等
