Score,Word
0.07463531941175461,微距
0.016811944544315338,高通
