Score,Word
0.13622595369815826,多餘
0.1326700747013092,中低階
