Score,Word
0.25897717475891113,頂規
0.1568259298801422,高階
0.14774273335933685,日常
