Score,Word
0.17350055277347565,中階
0.16592353582382202,基礎
