Score,Word
0.1568259298801422,高階
0.10690447688102722,一般
