Score,Word
0.14609146118164062,家用
0.08121570944786072,微型
