Score,Word
0.1568259298801422,高階
0.14774273335933685,日常
0.13622595369815826,多餘
