Score,Word
0.20156283676624298,低階
0.14774273335933685,日常
0.1326700747013092,中低階
