Score,Word
0.11051162332296371,低規
0.08370492607355118,商用
