Score,Word
0.20156283676624298,低階
0.17350055277347565,中階
0.0636197179555893,一定
