Score,Word
0.20156283676624298,低階
0.08761371672153473,二手
0.05797643959522247,開架
