Score,Word
0.16321636736392975,全額
0.14609146118164062,家用
0.13622595369815826,多餘
