Score,Word
0.08370492607355118,商用
0.0345638133585453,中度
0.02285705879330635,次級
