Score,Word
0.14774273335933685,日常
0.08761371672153473,二手
0.06222231313586235,中等
