Score,Word
0.19531092047691345,堪用
0.11051162332296371,低規
0.08761371672153473,二手
