Score,Word
0.1811223179101944,工作用
0.1326700747013092,中低階
0.12988920509815216,折衷
