Score,Word
0.22764301300048828,現有
0.10216429084539413,可用
0.07033588737249374,暫時
