Score,Word
0.175186887383461,基本
0.1568259298801422,高階
0.14774273335933685,日常
