Score,Word
0.14774273335933685,日常
0.13459669053554535,中高階
0.06222231313586235,中等
