Score,Word
0.13651041686534882,無謂
0.08370492607355118,商用
0.0611431710422039,中古
