Score,Word
0.175186887383461,基本
0.025255335494875908,超低
