Score,Word
0.20156283676624298,低階
0.175186887383461,基本
0.08365967869758606,收藏用
