Score,Word
0.25897717475891113,頂規
0.14774273335933685,日常
0.13622595369815826,多餘
