Score,Word
0.20156283676624298,低階
0.08761371672153473,二手
0.025255335494875908,超低
