Score,Word
0.17350055277347565,中階
0.08271797001361847,加值
0.046102896332740784,貨用
