Score,Word
0.13459669053554535,中高階
0.08370492607355118,商用
0.08271797001361847,加值
