Score,Word
0.14774273335933685,日常
0.05506514012813568,同級
