Score,Word
0.20156283676624298,低階
0.175186887383461,基本
