Score,Word
0.14774273335933685,日常
0.1440419852733612,適度
0.08370492607355118,商用
