Score,Word
0.14774273335933685,日常
0.14609146118164062,家用
0.13459669053554535,中高階
