Score,Word
0.17350055277347565,中階
0.14609146118164062,家用
0.12988920509815216,折衷
