Score,Word
0.20156283676624298,低階
0.1811223179101944,工作用
0.175186887383461,基本
