Score,Word
0.14609146118164062,家用
0.12988920509815216,折衷
0.08761371672153473,二手
