Score,Word
0.10690447688102722,一般
0.08761371672153473,二手
0.08370492607355118,商用
