Score,Word
0.20156283676624298,低階
0.07458284497261047,中低
0.060440242290496826,上選
