Score,Word
0.22021061182022095,外出用
0.20156283676624298,低階
0.1811223179101944,工作用
