Score,Word
0.08271797001361847,加值
0.0345638133585453,中度
