Score,Word
0.19900240004062653,自用
0.17350055277347565,中階
0.12988920509815216,折衷
