Score,Word
0.21856440603733063,額外
0.13459669053554535,中高階
