Score,Word
0.20156283676624298,低階
0.08370492607355118,商用
0.06222231313586235,中等
