Score,Word
0.175186887383461,基本
0.1568259298801422,高階
0.10690447688102722,一般
