Score,Word
0.17350055277347565,中階
0.14609146118164062,家用
0.06222231313586235,中等
