Score,Word
0.21856440603733063,額外
0.175186887383461,基本
0.1568259298801422,高階
