Score,Word
0.20156283676624298,低階
0.16321636736392975,全額
0.10690447688102722,一般
