Score,Word
0.20156283676624298,低階
0.19900240004062653,自用
0.08067777007818222,低中
