Score,Word
0.175186887383461,基本
0.13459669053554535,中高階
0.08761371672153473,二手
