Score,Word
0.49999940395355225,高通
0.10255978256464005,後置
0.03805023059248924,沉浸式
0.032138992100954056,微距
