Score,Word
0.36011433601379395,無線
0.31466537714004517,高階
0.2774214446544647,新一代
0.17878302931785583,雙面
0.16851142048835754,彩色
0.05398266762495041,一般
0.029075972735881805,高質
0.02440395951271057,黑白
0.008730451576411724,售後
-0.002738066716119647,超級
-0.08426933735609055,第一手
