Score,Word
0.36011433601379395,無線
0.3432892858982086,雙頻
0.16614389419555664,手動
0.16517037153244019,商用
0.16072925925254822,前置
0.12870152294635773,雙待
0.10255978256464005,後置
0.08091361075639725,三段式
0.08034344017505646,雙重
0.07017193734645844,低規
0.044588930904865265,偶發
0.04178658500313759,雙開
0.02363736182451248,超大
0.01685045287013054,唯一
0.012074262835085392,套裝
0.011698988266289234,同一
-0.002738066716119647,超級
-0.05498296022415161,絕對
-0.0720270425081253,超難用
