Score,Word
0.298778235912323,高性能
0.2774214446544647,新一代
0.16072925925254822,前置
0.15296296775341034,雙環
0.09560374915599823,額外
0.02314605936408043,超
-0.02948272041976452,家居
-0.10876478999853134,公眾
