Score,Word
0.31466537714004517,高階
0.1644303947687149,四合一
0.15042732656002045,多重
0.1333150714635849,單眼
0.10255978256464005,後置
0.0976458340883255,頂級
0.07091452181339264,單攝
0.06934446841478348,大型
0.05398266762495041,一般
0.014031936414539814,共同
0.009901456534862518,有機
-0.005931619089096785,近拍
-0.06537856161594391,一定
