Score,Word
0.301006942987442,低階
0.2774214446544647,新一代
0.16614389419555664,手動
0.1333150714635849,單眼
0.12870152294635773,雙待
0.10255978256464005,後置
0.09348265826702118,超低
0.08091361075639725,三段式
0.07396415621042252,重度
-0.029714522883296013,一貫
