Score,Word
0.49999940395355225,高通
0.1875036656856537,中低階
0.16158145666122437,遠距
0.0802004411816597,主要
0.06617436558008194,鋼化
-0.04033546894788742,多餘
-0.04929378256201744,最低階
