Score,Word
0.3219338655471802,高感度
0.1875036656856537,中低階
0.140907883644104,同級
0.11523449420928955,高度
0.09560374915599823,額外
0.0802004411816597,主要
0.07091452181339264,單攝
0.06979427486658096,現行
0.03400710970163345,過度
0.02363736182451248,超大
0.011051340959966183,真正
0.008730451576411724,售後
0.0069127012975513935,磁吸式
0.0003407133335713297,特定
