Score,Word
0.2774214446544647,新一代
0.2043638378381729,有線
0.16851142048835754,彩色
0.140907883644104,同級
0.13473892211914062,單
0.1333150714635849,單眼
0.07396415621042252,重度
0.06632593274116516,個別
0.06418927758932114,雙色
0.04089576005935669,護眼
0.02460935339331627,展開式
0.02440395951271057,黑白
0.0242903009057045,些微
0.0019440976902842522,日常
-0.012689309194684029,特約
-0.013417007401585579,科幻
-0.017804397270083427,最佳
-0.028620310127735138,中上
-0.029714522883296013,一貫
