Score,Word
0.13473892211914062,單
0.1333150714635849,單眼
0.06464991718530655,原裝
0.05398266762495041,一般
-0.01464783027768135,一連串
-0.01905170828104019,眾
