Score,Word
0.31466537714004517,高階
0.301006942987442,低階
0.2774214446544647,新一代
0.2591530382633209,新款
0.1875036656856537,中低階
0.15042732656002045,多重
0.09560374915599823,額外
0.08034344017505646,雙重
0.0802004411816597,主要
0.07556165009737015,兩段式
0.055899329483509064,三防
0.011063599027693272,基本
-0.002738066716119647,超級
-0.011004672385752201,直式
-0.028620310127735138,中上
-0.06826988607645035,優質
