Score,Word
0.3432892858982086,雙頻
0.31466537714004517,高階
0.13473892211914062,單
0.09655138105154037,後續
0.08730508387088776,主
0.08091361075639725,三段式
0.05398266762495041,一般
0.04767565056681633,單側
0.03400710970163345,過度
0.02660832181572914,原
0.0242903009057045,些微
0.01685045287013054,唯一
0.016456304118037224,可用
0.014031936414539814,共同
0.011063599027693272,基本
0.011051340959966183,真正
0.008730451576411724,售後
-0.0486488863825798,二手
