Score,Word
0.3432892858982086,雙頻
0.301006942987442,低階
0.24281519651412964,雙
0.16614389419555664,手動
0.16517037153244019,商用
0.12870152294635773,雙待
0.09560374915599823,額外
0.0802004411816597,主要
0.032138992100954056,微距
0.028547246009111404,非
0.0242903009057045,些微
0.01685045287013054,唯一
-0.04033546894788742,多餘
