Score,Word
0.2774214446544647,新一代
0.24281519651412964,雙
0.16072925925254822,前置
0.10255978256464005,後置
0.02363736182451248,超大
-0.06537856161594391,一定
