Score,Word
0.2774214446544647,新一代
0.16539181768894196,電動
0.042961541563272476,磨砂
0.02660832181572914,原
-0.029251443222165108,綜合
-0.03308574855327606,長焦
