Score,Word
0.24281519651412964,雙
0.2043638378381729,有線
0.0976458340883255,頂級
0.06632593274116516,個別
0.055899329483509064,三防
-0.017804397270083427,最佳
-0.029714522883296013,一貫
