Score,Word
0.34778907895088196,快閃
0.18358559906482697,廣域
0.16517037153244019,商用
0.1587001532316208,高清
0.13994912803173065,現有
0.10255978256464005,後置
0.1024262011051178,潛望式
0.08730508387088776,主
0.06934446841478348,大型
0.05398266762495041,一般
0.02363736182451248,超大
0.0003407133335713297,特定
-0.014551660045981407,超清
-0.03308574855327606,長焦
-0.0486488863825798,二手
