Score,Word
0.13055485486984253,遠程
0.09348265826702118,超低
0.07396415621042252,重度
0.03099890425801277,祖傳
0.028547246009111404,非
0.02314605936408043,超
0.01685045287013054,唯一
0.011063599027693272,基本
