Score,Word
0.29413995146751404,雙模
0.2268543541431427,數位
0.2043638378381729,有線
0.16489379107952118,原生
0.16190584003925323,可變
0.10255978256464005,後置
0.0976458340883255,頂級
0.09560374915599823,額外
0.032138992100954056,微距
0.029075972735881805,高質
0.02660832181572914,原
0.02363736182451248,超大
-0.002738066716119647,超級
