Score,Word
0.31466537714004517,高階
0.24281519651412964,雙
0.2043638378381729,有線
0.16614389419555664,手動
0.14443498849868774,低中
0.12417575716972351,中高階
0.10255978256464005,後置
0.05398266762495041,一般
0.0019440976902842522,日常
-0.04033546894788742,多餘
-0.0996968075633049,多方面
