Score,Word
0.31466537714004517,高階
0.15042732656002045,多重
0.11823536455631256,雙前
0.09560374915599823,額外
0.06757260859012604,全彩
0.042961541563272476,磨砂
0.01685045287013054,唯一
0.011063599027693272,基本
0.0003407133335713297,特定
-0.013417007401585579,科幻
