Score,Word
0.301006942987442,低階
0.29413995146751404,雙模
0.16614389419555664,手動
0.13994912803173065,現有
0.0847574919462204,環繞式
0.0802004411816597,主要
0.07396415621042252,重度
0.032138992100954056,微距
0.028547246009111404,非
0.02660832181572914,原
0.02440395951271057,黑白
0.01685045287013054,唯一
0.0019440976902842522,日常
-0.002738066716119647,超級
-0.007993964478373528,副
-0.02347804419696331,原來
-0.040832147002220154,先決
-0.041738223284482956,大概
-0.06537856161594391,一定
-0.11772965639829636,超好用
