Score,Word
0.2591530382633209,新款
0.17010770738124847,隱藏式
0.16047270596027374,雙層
0.12417575716972351,中高階
0.10855485498905182,市售
0.10255978256464005,後置
0.08432667702436447,全面
0.07388228923082352,雙聯
0.03099890425801277,祖傳
0.028547246009111404,非
0.026309384033083916,全平
0.02440395951271057,黑白
0.0242903009057045,些微
0.0019440976902842522,日常
-0.029251443222165108,綜合
-0.03308574855327606,長焦
-0.060730721801519394,紫藍
-0.06537856161594391,一定
-0.07051703333854675,雙鏡
-0.1492622196674347,必備
