Score,Word
0.10255978256464005,後置
0.0802004411816597,主要
