Score,Word
0.24281519651412964,雙
0.2268543541431427,數位
0.19508817791938782,中階
0.12870152294635773,雙待
0.0828341692686081,子母
0.0802004411816597,主要
0.008730451576411724,售後
