Score,Word
0.17328117787837982,低階
0.11913758516311646,中低階
0.05901704728603363,基本
