Score,Word
0.1243351474404335,同級
0.03288642317056656,日常
