Score,Word
0.2225499302148819,可用
0.05442801117897034,頂規
