Score,Word
0.11925944685935974,高階
0.05901704728603363,基本
