Score,Word
0.2225499302148819,可用
0.17328117787837982,低階
0.17020998895168304,堪用
