Score,Word
0.15176622569561005,家用
0.03613056614995003,大型
