Score,Word
0.17020998895168304,堪用
0.10588987916707993,自用
0.09863314777612686,微
