Score,Word
0.2739948034286499,外置
0.11788737773895264,中階
0.08440829068422318,高質
