Score,Word
0.11913758516311646,中低階
0.1024143174290657,超大
