Score,Word
0.11913758516311646,中低階
0.017872830852866173,最低階
