Score,Word
0.11263962835073471,商用
0.08189653605222702,中度
0.02337837778031826,優質
