Score,Word
0.2225499302148819,可用
0.1243351474404335,同級
0.11263962835073471,商用
