Score,Word
0.2225499302148819,可用
0.16925448179244995,一般
0.05901704728603363,基本
