Score,Word
0.08189653605222702,中度
0.05901704728603363,基本
