Score,Word
0.2225499302148819,可用
0.17328117787837982,低階
0.11913758516311646,中低階
