Score,Word
0.15347786247730255,軍用
0.11788737773895264,中階
0.11263962835073471,商用
