Score,Word
0.15176622569561005,家用
0.05744260177016258,廢
0.04618716239929199,折衷
