Score,Word
0.2225499302148819,可用
0.12766124308109283,舊有
