Score,Word
0.2225499302148819,可用
0.11925944685935974,高階
0.05442801117897034,頂規
