Score,Word
0.17328117787837982,低階
0.17020998895168304,堪用
0.05901704728603363,基本
