Score,Word
0.2225499302148819,可用
0.11788737773895264,中階
0.1024143174290657,超大
