Score,Word
0.17328117787837982,低階
0.11263962835073471,商用
