Score,Word
0.17020998895168304,堪用
0.11788737773895264,中階
