Score,Word
0.2225499302148819,可用
0.1243351474404335,同級
0.11913758516311646,中低階
