Score,Word
0.17328117787837982,低階
0.08189653605222702,中度
