Score,Word
0.13901160657405853,額外
0.11925944685935974,高階
0.05901704728603363,基本
