Score,Word
0.1024143174290657,超大
0.09056709706783295,外出用
0.06642661243677139,工作用
