Score,Word
0.05901704728603363,基本
-0.006516090594232082,超低
