Score,Word
0.053247906267642975,中高階
0.04463915526866913,頂級
