Score,Word
0.16103804111480713,微型
0.15176622569561005,家用
