Score,Word
0.1024143174290657,超大
0.04463915526866913,頂級
