Score,Word
0.17328117787837982,低階
0.05874998867511749,便攜式
