Score,Word
0.2225499302148819,可用
0.11788737773895264,中階
0.05901704728603363,基本
