Score,Word
0.17328117787837982,低階
0.03288642317056656,日常
