Score,Word
0.17020998895168304,堪用
0.006625737529247999,低規
