Score,Word
0.053247906267642975,中高階
0.03288642317056656,日常
