Score,Word
0.16925448179244995,一般
0.11925944685935974,高階
0.04463915526866913,頂級
