Score,Word
0.11263962835073471,商用
0.05749673396348953,適度

