Score,Word
0.16925448179244995,一般
0.11263962835073471,商用
