Score,Word
0.16925448179244995,一般
0.13901160657405853,額外
0.05901704728603363,基本
