Score,Word
0.17328117787837982,低階
0.14061325788497925,單一
