Score,Word
0.2225499302148819,可用
0.13901160657405853,額外
