Score,Word
0.15176622569561005,家用
0.1024143174290657,超大
0.053247906267642975,中高階
