Score,Word
0.11263962835073471,商用
0.1024143174290657,超大
