Score,Word
0.11913758516311646,中低階
0.06642661243677139,工作用
0.04618716239929199,折衷
