Score,Word
0.14910706877708435,基礎
0.11788737773895264,中階
0.1024143174290657,超大
