Score,Word
0.10255289822816849,後置
0.09275931119918823,微距
0.03054232709109783,高通
-0.016750192269682884,沉浸式
