Score,Word
0.17707350850105286,高性能
0.1712663322687149,前置
0.13901160657405853,額外
0.08902928978204727,新一代
0.07767105102539062,雙環
0.05257343500852585,超
-0.0009768743766471744,公眾
-0.09579146653413773,家居
