Score,Word
0.089028000831604,重度
0.05901704728603363,基本
0.05605342984199524,遠程
0.05257343500852585,超
-0.006516090594232082,超低
-0.019824601709842682,非
-0.05758840590715408,唯一
-0.08363568037748337,祖傳
