Score,Word
0.1712663322687149,前置
0.13656629621982574,雙
0.10255289822816849,後置
0.1024143174290657,超大
0.08902928978204727,新一代
-0.12637972831726074,一定
