Score,Word
0.24625445902347565,雙層
0.23181171715259552,市售
0.150404155254364,新款
0.10255289822816849,後置
0.0850953608751297,隱藏式
0.060604602098464966,黑白
0.055090177804231644,長焦
0.053247906267642975,中高階
0.04922263324260712,全面
0.0482172928750515,雙聯
0.04513487592339516,紫藍
0.03288642317056656,日常
-0.019824601709842682,非
-0.024549132212996483,必備
-0.024996107444167137,綜合
-0.037262145429849625,些微
-0.041755788028240204,全平
-0.08363568037748337,祖傳
-0.10275602340698242,雙鏡
-0.12637972831726074,一定
