Score,Word
0.1927424818277359,雙頻
0.17328117787837982,低階
0.1571756899356842,手動
0.13901160657405853,額外
0.13656629621982574,雙
0.11263962835073471,商用
0.09275931119918823,微距
0.08641974627971649,雙待
0.04524722322821617,多餘
0.02541385591030121,主要
-0.019824601709842682,非
-0.037262145429849625,些微
-0.05758840590715408,唯一
