Score,Word
0.13656629621982574,雙
0.11788737773895264,中階
0.10320029407739639,數位
0.08641974627971649,雙待
0.02541385591030121,主要
-0.008919707499444485,子母
-0.010036004707217216,售後
