Score,Word
0.1927424818277359,雙頻
0.150404155254364,新款
0.11263962835073471,商用
0.11213667690753937,長程
0.10255289822816849,後置
0.10110805928707123,一體式
0.09124728292226791,輕度
0.089028000831604,重度
0.0873802974820137,擴音
0.08641974627971649,雙待
0.0850953608751297,隱藏式
0.05749673396348953,適度
0.04457102715969086,主
0.03542214632034302,單側
0.03288642317056656,日常
0.03176658973097801,雙色
-0.010036004707217216,售後
-0.019824601709842682,非
-0.037262145429849625,些微
-0.04551607370376587,特定
-0.058748260140419006,中上
