Score,Word
0.19693122804164886,無線
0.1927424818277359,雙頻
0.1571756899356842,手動
0.11263962835073471,商用
0.11057942360639572,原生
