Score,Word
0.15957485139369965,電動
0.09331152588129044,原
0.08902928978204727,新一代
0.055090177804231644,長焦
-0.024996107444167137,綜合
-0.040727581828832626,磨砂
