Score,Word
0.2710360586643219,現有
0.17328117787837982,低階
0.1571756899356842,手動
0.14476358890533447,雙模
0.09331152588129044,原
0.09275931119918823,微距
0.089028000831604,重度
0.06526010483503342,大概
0.060604602098464966,黑白
0.03288642317056656,日常
0.026591844856739044,副
0.02541385591030121,主要
0.005080676171928644,環繞式
-0.016659608110785484,超好用
-0.019824601709842682,非
-0.022166261449456215,原來
-0.03863953799009323,先決
-0.05758840590715408,唯一
-0.07911039888858795,超級
-0.12637972831726074,一定
