Score,Word
0.19693122804164886,無線
0.1927424818277359,雙頻
0.1712663322687149,前置
0.1571756899356842,手動
0.12177660316228867,三段式
0.11263962835073471,商用
0.10255289822816849,後置
0.1024143174290657,超大
0.08641974627971649,雙待
0.007436051964759827,同一
0.006625737529247999,低規
-0.009850072674453259,套裝
-0.02107180655002594,雙重
-0.026322461664676666,雙開
-0.02819172665476799,超難用
-0.0313236229121685,偶發
-0.03768642991781235,絕對
-0.05758840590715408,唯一
-0.07911039888858795,超級
