Score,Word
0.10255289822816849,後置
0.02541385591030121,主要
