Score,Word
0.16925448179244995,一般
0.04922263324260712,全面
