Score,Word
0.13656629621982574,雙
0.09748237580060959,有線
0.04519148916006088,個別
0.04463915526866913,頂級
0.029075345024466515,三防
-0.023033874109387398,一貫
-0.07536669075489044,最佳
