Score,Word
0.17328117787837982,低階
0.150404155254364,新款
0.13901160657405853,額外
0.11925944685935974,高階
0.11913758516311646,中低階
0.10895087569952011,直式
0.08902928978204727,新一代
0.05901704728603363,基本
0.05237673223018646,兩段式
0.029075345024466515,三防
0.02541385591030121,主要
0.02337837778031826,優質
0.00571480905637145,多重
-0.02107180655002594,雙重
-0.058748260140419006,中上
-0.07911039888858795,超級
