Score,Word
0.11913758516311646,中低階
0.04524722322821617,多餘
0.03054232709109783,高通
0.02541385591030121,主要
0.02450190670788288,遠距
0.017872830852866173,最低階
-0.002004561247304082,鋼化
