Score,Word
0.1249718889594078,彩色
0.1243351474404335,同級
0.09748237580060959,有線
0.09614759683609009,單眼
0.09535268694162369,單
0.08902928978204727,新一代
0.089028000831604,重度
0.060604602098464966,黑白
0.04519148916006088,個別
0.03288642317056656,日常
0.03176658973097801,雙色
-0.004141262266784906,護眼
-0.023033874109387398,一貫
-0.037262145429849625,些微
-0.038221124559640884,科幻
-0.058748260140419006,中上
-0.07163742929697037,特約
-0.07265202701091766,展開式
-0.07536669075489044,最佳
