Score,Word
0.22210030257701874,現行
0.1793668568134308,高度
0.13901160657405853,額外
0.13882866501808167,高感度
0.1243351474404335,同級
0.11913758516311646,中低階
0.1024143174290657,超大
0.02541385591030121,主要
-0.007295979652553797,磁吸式
-0.008545256219804287,過度
-0.010036004707217216,售後
-0.018113022670149803,單攝
-0.04551607370376587,特定
-0.12076500058174133,真正
