Score,Word
0.16925448179244995,一般
0.10025989264249802,原裝
0.09614759683609009,單眼
0.09535268694162369,單
-0.02940032258629799,眾
-0.1630917638540268,一連串
