Score,Word
0.2710360586643219,現有
0.21621878445148468,快閃
0.16925448179244995,一般
0.13697907328605652,超清
0.12086478620767593,高清
0.11263962835073471,商用
0.10255289822816849,後置
0.1024143174290657,超大
0.09189844876527786,廣域
0.055090177804231644,長焦
0.04457102715969086,主
0.03613056614995003,大型
0.022370541468262672,潛望式
0.016152398660779,二手
-0.04551607370376587,特定
