Score,Word
0.2225499302148819,可用
0.1927424818277359,雙頻
0.16925448179244995,一般
0.12177660316228867,三段式
0.11925944685935974,高階
0.09535268694162369,單
0.09331152588129044,原
0.05901704728603363,基本
0.04457102715969086,主
0.03542214632034302,單側
0.02219829522073269,後續
0.016152398660779,二手
-0.008545256219804287,過度
-0.010036004707217216,售後
-0.037262145429849625,些微
-0.05758840590715408,唯一
-0.10962773859500885,共同
-0.12076500058174133,真正
